﻿{
  "indexes": [
    {
      "collectionGroup": "alerts",
      "queryScope": "COLLECTION",
      "fields": [
        {
          "fieldPath": "parentId",
          "order": "ASCENDING"
        },
        {
          "fieldPath": "timestamp",
          "order": "DESCENDING"
        }
      ]
    },
    {
      "collectionGroup": "custody",
      "queryScope": "COLLECTION",
      "fields": [
        {
          "fieldPath": "parentId",
          "order": "ASCENDING"
        },
        {
          "fieldPath": "incident_id",
          "order": "ASCENDING"
        },
        {
          "fieldPath": "createdAt",
          "order": "ASCENDING"
        }
      ]
    },
    {
      "collectionGroup": "auditLogs",
      "queryScope": "COLLECTION",
      "fields": [
        {
          "fieldPath": "parentId",
          "order": "ASCENDING"
        },
        {
          "fieldPath": "createdAt",
          "order": "DESCENDING"
        }
      ]
    }
  ],
  "fieldOverrides": []
}
